{
  "Standard": {
    "accuracy_final": 0.3544,
    "accuracy_avg": 0.2514181818181818,
    "accuracy_max": 0.3544,
    "accuracy_min": 0.1118,
    "loss_final": 1.7563895662878728,
    "loss_avg": 1.9817761443706348,
    "loss_max": 2.3011793270232572,
    "loss_min": 1.7563895662878728,
    "participation_rate_final": 0.1,
    "participation_rate_avg": 0.1,
    "participation_rate_max": 0.1,
    "participation_rate_min": 0.1,
    "system_activity_final": 0.33999999999999997,
    "system_activity_avg": 0.3399999999999999,
    "system_activity_max": 0.33999999999999997,
    "system_activity_min": 0.33999999999999997,
    "ipr_accuracy_final": 0.0,
    "ipr_accuracy_avg": 0.0,
    "ipr_accuracy_max": 0.0,
    "ipr_loss_final": 0.0,
    "ipr_loss_avg": 0.0
  },
  "Differentiated": {
    "accuracy_final": 0.3545,
    "accuracy_avg": 0.2490181818181818,
    "accuracy_max": 0.3545,
    "accuracy_min": 0.1144,
    "loss_final": 1.8111512030765509,
    "loss_avg": 2.0218838292460393,
    "loss_max": 2.2930916737598976,
    "loss_min": 1.8111512030765509,
    "participation_rate_final": 0.1,
    "participation_rate_avg": 0.1,
    "participation_rate_max": 0.1,
    "participation_rate_min": 0.1,
    "system_activity_final": 0.33999999999999997,
    "system_activity_avg": 0.3399999999999999,
    "system_activity_max": 0.33999999999999997,
    "system_activity_min": 0.33999999999999997,
    "quality_gap_final": -0.00019999999999997797,
    "quality_gap_avg": -0.005936363636363626,
    "quality_gap_max": 0.013700000000000045,
    "ipr_accuracy_final": 0.0,
    "ipr_accuracy_avg": 0.0,
    "ipr_accuracy_max": 0.0,
    "ipr_loss_final": 0.0,
    "ipr_loss_avg": 0.0
  }
}