{
  "Standard": {
    "accuracy_final": 0.8848,
    "accuracy_avg": 0.8247028000000001,
    "accuracy_max": 0.8877,
    "accuracy_min": 0.1,
    "loss_final": 0.4682026410143182,
    "loss_avg": 0.5832390348896574,
    "loss_max": 2.303008811489032,
    "loss_min": 0.453710403400147,
    "participation_rate_final": 0.3,
    "participation_rate_avg": 0.29999999999999993,
    "participation_rate_max": 0.3,
    "participation_rate_min": 0.3,
    "system_activity_final": 0.51,
    "system_activity_avg": 0.5052479999999998,
    "system_activity_max": 0.51,
    "system_activity_min": 0.42,
    "ipr_accuracy_final": 0.3,
    "ipr_accuracy_avg": 0.28415999999999997,
    "ipr_accuracy_max": 0.3,
    "ipr_loss_final": 0.3,
    "ipr_loss_avg": 0.28415999999999997
  },
  "Differentiated": {
    "accuracy_final": 0.8898,
    "accuracy_avg": 0.8266898,
    "accuracy_max": 0.8935,
    "accuracy_min": 0.1,
    "loss_final": 0.44649483532804973,
    "loss_avg": 0.5573723900526182,
    "loss_max": 2.3029152390303884,
    "loss_min": 0.41510119982016314,
    "participation_rate_final": 0.3,
    "participation_rate_avg": 0.29999999999999993,
    "participation_rate_max": 0.3,
    "participation_rate_min": 0.3,
    "system_activity_final": 0.51,
    "system_activity_avg": 0.5046059999999999,
    "system_activity_max": 0.51,
    "system_activity_min": 0.42,
    "quality_gap_final": 0.0004999999999999449,
    "quality_gap_avg": 0.001999399999999998,
    "quality_gap_max": 0.09330000000000005,
    "ipr_accuracy_final": 0.3,
    "ipr_accuracy_avg": 0.28202,
    "ipr_accuracy_max": 0.3,
    "ipr_loss_final": 0.3,
    "ipr_loss_avg": 0.28202
  }
}