{
  "accuracy_final": 0.3544,
  "accuracy_avg": 0.2514181818181818,
  "accuracy_max": 0.3544,
  "accuracy_min": 0.1118,
  "loss_final": 1.7563895662878728,
  "loss_avg": 1.9817761443706348,
  "loss_max": 2.3011793270232572,
  "loss_min": 1.7563895662878728,
  "participation_rate_final": 0.1,
  "participation_rate_avg": 0.1,
  "participation_rate_max": 0.1,
  "participation_rate_min": 0.1,
  "system_activity_final": 0.33999999999999997,
  "system_activity_avg": 0.3399999999999999,
  "system_activity_max": 0.33999999999999997,
  "system_activity_min": 0.33999999999999997,
  "ipr_accuracy_final": 0.0,
  "ipr_accuracy_avg": 0.0,
  "ipr_accuracy_max": 0.0,
  "ipr_loss_final": 0.0,
  "ipr_loss_avg": 0.0
}